Same?, KLD, Cramer, Bhattacharyya
0, 0.48889737656335264, 0.019853327503903475, 0.9875539405730114
0, 3.147647996848517, 0.05076421142046535, 0.9244548357297655
0, 3.1479146931774156, 0.050817795412398684, 0.9243971668319212
0, 3.148763936758828, 0.050973921551270014, 0.9242217683545106
0, 0.4901055112380752, 0.0209174092446407, 0.9872269381564195
0, 3.1473584313037324, 0.05076756994802256, 0.9244910444840451
0, 3.1473743486601067, 0.050759498739359026, 0.9244905428925281
0, 3.1478687204471476, 0.05099421088004133, 0.92435061603741
0, 3.1473795020555353, 0.05073547130640795, 0.9245003705897075
0, 0.48988846596051916, 0.020288657913018787, 0.9873451024606762
0, 3.14713974411016, 0.05078442664009003, 0.9245140972853781
0, 3.147305193824481, 0.050726484816688164, 0.9245127231836766
0, 3.147587079898392, 0.050753872556807286, 0.924463851154119
0, 3.147511412662696, 0.05079351876552958, 0.924460935113822
0, 0.4885491000759623, 0.019566646396672095, 0.9876446504918388
0, 3.1474561386293165, 0.05074387894979088, 0.9244856649877555
0, 3.1474200895036777, 0.05082354723247699, 0.9244629641546762
0, 3.1473109942094193, 0.05072442201953174, 0.9245128808010137
0, 3.8136616815712983, 0.05607586968682045, 0.9094189911878661
0, 0.09201092964619868, 0.03799746725804371, 0.9567779650006597
0, 0.32194246281497274, 0.019455592106340517, 0.989699909746204
0, 0.3221484391810081, 0.019524713348429104, 0.9896629566412875
0, 0.32295146022559074, 0.01980456980954682, 0.9895163400440883
0, 0.09866930772054813, 0.04037843841295938, 0.9543013381633836
0, 0.3214057899928931, 0.01929645425074869, 0.9897919495117482
0, 0.3214162474400223, 0.019274788845096927, 0.9897933222577837
0, 0.32227888721338066, 0.02011358273112793, 0.9895676098786639
0, 0.3215495322213592, 0.01930931234344214, 0.9897710270491209
0, 0.08381479460024088, 0.034822149136703465, 0.9605556385721098
0, 0.3211192847503662, 0.019310620411068874, 0.9898261075163179
0, 0.3214518877295675, 0.019278166280076822, 0.9897876616155419
0, 0.3217313139717957, 0.019318807073493625, 0.989745720379428
0, 0.3216117926506183, 0.019392881693342665, 0.9897512622203876
0, 0.09196995323477844, 0.03799016339472747, 0.9567495550599282
0, 0.321571460404011, 0.01928172686888943, 0.9897719706825792
0, 0.3215327387439362, 0.01950035012839842, 0.9897474089402221
0, 0.32144969289464903, 0.019264823929528278, 0.9897899741959967
0, 1.072650965216102, 0.030369034606178416, 0.9739410498040111
0, 0.09190725103575127, 0.03797253833763429, 0.9568152923939272
0, 0.3266889921634212, 0.019697365972588164, 0.9895431885228178
0, 0.3268743906873191, 0.01974595383510327, 0.9895117799816773
0, 0.327776397145616, 0.020101198224462873, 0.9893414103000556
0, 0.09835541146475053, 0.040279559724187834, 0.9543883687390798
0, 0.3262079350909102, 0.01959405545340552, 0.9896202457177508
0, 0.3261649274278226, 0.019525253196421986, 0.9896352169952156
0, 0.3269516041976229, 0.02028975512194983, 0.9894284866559423
0, 0.32630544483746476, 0.01956444062057512, 0.9896113364311566
0, 0.08370350402660029, 0.03479121267986581, 0.960594164632926
0, 0.3258960880278526, 0.019588569051854465, 0.9896601694530176
0, 0.32618069110639963, 0.01951060513600696, 0.9896346409081694
0, 0.3264918894271199, 0.01957565367612417, 0.9895852686595157
0, 0.32636003585172946, 0.019640601994746296, 0.9895934676469568
0, 0.09183132295797573, 0.03795155299934625, 0.9567953450982536
0, 0.32631740665978026, 0.01952779899592899, 0.989614926410858
0, 0.32619662477627503, 0.01967626665314083, 0.9896102741404031
0, 0.3262046390607948, 0.01952027925480718, 0.9896303937806841
0, 1.0850666621881018, 0.030720470325426717, 0.9736225665157685
0, 0.1253157883005863, 0.044763876025403784, 0.9410418924359686
0, 0.00009262846232709488, 0.0017468665625646068, 0.9999768550255168
0, 0.00012961303657644908, 0.002061900676090385, 0.9999677256821723
0, 0.0005312305052944569, 0.004148194384088459, 0.9998680131106509
0, 0.13277749901482708, 0.047051596109006666, 0.9380313951857249
0, 0.0004088920070423452, 0.003753683491148061, 0.9998978370860014
0, 0.00019944338652076973, 0.002625709329989521, 0.9999500529851333
0, 0.0008925674057520607, 0.005576521583652261, 0.9997767224375484
0, 0.00017193358430182915, 0.0024268200712275804, 0.9999570188037572
0, 0.11456725891014355, 0.04121520879642199, 0.9457829730787072
0, 0.0004123074971865669, 0.0037418586925441056, 0.9998975792370065
0, 0.00011320331944138359, 0.0019752412020537184, 0.9999716937427906
0, 0.0001385893298424081, 0.0021676712461340454, 0.9999653639221027
0, 0.00022331520856902956, 0.0027422602452764583, 0.999944382564417
0, 0.1252910728501886, 0.04476515290585513, 0.9409516469877146
0, 0.00016804341461155024, 0.002398077203481359, 0.9999580037530911
0, 0.000218608637744115, 0.0027162782558812627, 0.999945536481885
0, 0.0001255756570155234, 0.0020782791064383106, 0.9999685805163674
0, 0.3373725205435427, 0.019278222003207997, 0.9902554155032157
0, 0.09202471670540603, 0.03800410572289504, 0.9567764661203877
0, 0.3224338043010969, 0.019479983938797452, 0.9896837675643059
0, 0.3226245248236046, 0.01953557049696935, 0.9896506832340869
0, 0.32341798299269403, 0.01980610233762353, 0.9895067151486168
0, 0.09856982969329922, 0.040344373661146134, 0.9543261000896162
0, 0.3219186124924266, 0.01934013014031983, 0.9897703760098234
0, 0.3219125983554466, 0.01930422142899685, 0.9897758525263716
0, 0.32285716673772397, 0.020216909458109965, 0.9895284692812047
0, 0.32204361400255926, 0.019336306755025474, 0.9897542062117012
0, 0.08380218125297677, 0.0348180770455544, 0.9605603650719333
0, 0.3216497230273406, 0.019370493895594833, 0.9897999759115979
0, 0.32190058343991207, 0.01926511101319709, 0.9897822324252897
0, 0.32220032587369096, 0.01932336656858022, 0.9897352581422166
0, 0.3221107447486565, 0.01942350381541744, 0.9897333260867527
0, 0.09195750444971024, 0.037986587812612785, 0.9567543370862128
0, 0.3220418311055681, 0.01928779173862081, 0.9897611218037753
0, 0.3219473176450168, 0.01945743459782079, 0.9897505385595036
0, 0.3219203350884916, 0.019271213177029935, 0.9897790394970445
0, 1.0738970425371324, 0.03044165391139987, 0.9738942693534357
0, 0.4703891813289954, 0.019014351541106905, 0.9880805040303162
0, 3.0394172101151797, 0.0490983157396415, 0.9270937908285679
0, 3.0396039121629688, 0.04912790406008651, 0.9270570094592643
0, 3.040187337539936, 0.04920470950458362, 0.9269495100408309
0, 0.4724973284714299, 0.02076816846796381, 0.9875276788829386
0, 3.039014440543178, 0.04905681914757743, 0.9271636384275704
0, 3.0389597859148667, 0.049024416026290984, 0.927182063219575
0, 3.0397688719480787, 0.04938082557147561, 0.9269555917086371
0, 3.0391324397228425, 0.049059282984059704, 0.9271457414888543
0, 0.47100643763054384, 0.01920939488867042, 0.9879607993843219
0, 3.0386971939673275, 0.04903756941005003, 0.9272148088710884
0, 3.0390198650566305, 0.049036353099495396, 0.9271686485006355
0, 3.0391958487691246, 0.04903068295791195, 0.9271469420232923
0, 3.0392734755326867, 0.049121291042171604, 0.9271045536533244
0, 0.4701966487310254, 0.01884918002296816, 0.9881297129104779
0, 3.0390468999787643, 0.04901241052011483, 0.9271745775117114
0, 3.039155504854395, 0.04914125571594027, 0.927114818869988
0, 3.03898420377916, 0.049019898394599574, 0.9271799047241623
0, 3.6817231760865603, 0.054149296777247946, 0.9126804753446123
0, 0.09189345412192028, 0.03795704999868392, 0.9568116146772828
0, 0.32416814096911467, 0.019568371081478696, 0.9896255903188919
0, 0.32440104245296586, 0.019659382623349164, 0.9895819473444167
0, 0.32522529849077847, 0.019951292244639172, 0.989430795434036
0, 0.0984380714638448, 0.0403025444294813, 0.9543608427920178
0, 0.32366125451030753, 0.019439006381458783, 0.9897095886309446
0, 0.3236607506104195, 0.019407383881722577, 0.9897137491989255
0, 0.3244428186342519, 0.020174429126882762, 0.9895080102585271
0, 0.32384676977490057, 0.019487068608814193, 0.9896783928622136
0, 0.08373852687148894, 0.03479640605023756, 0.9605790354433981
0, 0.3234115657409747, 0.019486972066296158, 0.9897340162123379
0, 0.32367244732225847, 0.019389242848537065, 0.9897141746503133
0, 0.3239676162349613, 0.019441745843257505, 0.9896686035705474
0, 0.3239551295846342, 0.019609556397198722, 0.9896470521872623
0, 0.09190035253872561, 0.03796962040845426, 0.9567716784999137
0, 0.3238165969070373, 0.01941365677482018, 0.9896924270854983
0, 0.3237218592206109, 0.01958366353519266, 0.9896815987121784
0, 0.3236906782275383, 0.019394071387700017, 0.9897113533636317
0, 1.079253619909621, 0.030550398736165548, 0.9737767255852067
0, 0.0919001625635242, 0.03796336693158127, 0.9568126393035401
0, 0.3250194144188623, 0.01963478971630018, 0.9895914083599483
0, 0.32523295195445295, 0.019708962550314128, 0.9895526866824624
0, 0.3260397185438099, 0.019984202637878885, 0.9894061573638216
0, 0.09851516526718315, 0.040332173707311604, 0.9543461534353883
0, 0.3244830504460645, 0.01948043211610233, 0.989682778163582
0, 0.32446883561028994, 0.019437230582233157, 0.9896904148764541
0, 0.3253487372713142, 0.020287125121209577, 0.9894596894113663
0, 0.3246366627901466, 0.019500701075266177, 0.9896595954703301
0, 0.0837319241606745, 0.03479716653716696, 0.9605831751736345
0, 0.3242079030437618, 0.019506821920241432, 0.9897135751173758
0, 0.32450356290036436, 0.01943931511658665, 0.9896849898012344
0, 0.3247891068173066, 0.01948287358020214, 0.9896419519940686
0, 0.32472829907539763, 0.019608690049091437, 0.9896324668907838
0, 0.09186986029950986, 0.03796086307181457, 0.9567816684908854
0, 0.32463580449885204, 0.019453063703428367, 0.9896663181741361
0, 0.3245688460804269, 0.019647307868467426, 0.9896483901858762
0, 0.32451821093345995, 0.019440904084117767, 0.9896830895254546
0, 1.0809175492902787, 0.030595494902547666, 0.9737345127418988
0, 0.1253731296314724, 0.04475878866777941, 0.9410084708410792
0, 0.0003121498313648955, 0.003270918583018867, 0.9999223467904332
0, 0.00027800716538254494, 0.0030963614851815986, 0.9999306446851269
0, 0.00025544094522479796, 0.002857291362498535, 0.9999364602057417
0, 0.13413830087931802, 0.0474459606846441, 0.9376983390438943
0, 0.00018240637112081678, 0.002497789662709197, 0.9999545129715801
0, 0.00015292821863610904, 0.002301696767664734, 0.9999617805549003
0, 0.0012148961685806985, 0.006503206875613958, 0.9996965850283767
0, 0.00016308281238541536, 0.0023670470976871302, 0.9999593738728403
0, 0.11464806048111714, 0.041219001660374684, 0.9457466586521468
0, 0.0002789268954498439, 0.0030743345462307748, 0.9999304617931429
0, 0.00019101628464901312, 0.0025669850335630403, 0.9999524732187285
0, 0.00011690412577419664, 0.002015137385050045, 0.9999708602742751
0, 0.00029160883454240063, 0.003133228456174876, 0.9999276568413429
0, 0.12548817859021, 0.04480725037585674, 0.9408852736419342
0, 0.00010926300286149679, 0.0019478533805963093, 0.9999727463810206
0, 0.0005878113110164692, 0.004462849288879859, 0.999854209823132
0, 0.00015845609778187436, 0.0023407761743130147, 0.9999604855272074
0, 0.32835912982198, 0.018335646352751818, 0.9906614316452053
0, 0.09228415568711157, 0.03810052405343844, 0.9567035594167062
0, 0.31784103863868496, 0.019352990427503394, 0.989810407895316
0, 0.31804280884498326, 0.0194219787930733, 0.9897739501380083
0, 0.31856274271221424, 0.019462744716094875, 0.9896976160809579
0, 0.09940361278356798, 0.04063791014752811, 0.9541194525487586
0, 0.31713751786668415, 0.019035157178363717, 0.9899461409004556
0, 0.31724386766982887, 0.019100958118596783, 0.9899231041302364
0, 0.31847800930562764, 0.020277003480507115, 0.9896011305357327
0, 0.31736419719487347, 0.019125393949645766, 0.9899038693288355
0, 0.0839630008114704, 0.03488033470037712, 0.9605115943641798
0, 0.31696441983169926, 0.019149054829918674, 0.9899523997031283
0, 0.3172512023385922, 0.019080013809797708, 0.9899243331423427
0, 0.3175113795731687, 0.019107524281607856, 0.9898866184142899
0, 0.31748003532365665, 0.019255089509967672, 0.9898710146625991
0, 0.09225607861088952, 0.03809743364339671, 0.9566723597999739
0, 0.31734715733291696, 0.01906413897412619, 0.9899143444958267
0, 0.31745121841490714, 0.01940457246612597, 0.9898548226403009
0, 0.3172544500811451, 0.01907172122264641, 0.9899252658143819
0, 1.057823994128739, 0.030019779694987505, 0.9742835686434976
0, 0.4845231034144294, 0.019575558695366323, 0.987705931909635
0, 3.1247274423746028, 0.05039716685122939, 0.925036401334535
0, 3.1249013253389073, 0.050420429239605616, 0.9250035272049483
0, 3.1256406955645297, 0.050543254813806726, 0.9248566020156826
0, 0.4859144041563691, 0.020784909397414845, 0.9873318258806595
0, 3.1243055448611026, 0.05035394909731851, 0.9251095028324005
0, 3.1242742436507163, 0.05032998449153902, 0.9251217268678212
0, 3.1249870783407605, 0.05064362431717717, 0.9249215604627855
0, 3.124416230411151, 0.05035266508602016, 0.9250940431608442
0, 0.4854416818024705, 0.019970356506192003, 0.9875139157751543
0, 3.124052871864733, 0.050359175340645886, 0.9251419467335467
0, 3.124280969143393, 0.05032283489350455, 0.9251230313863724
0, 3.124549688591445, 0.050346895410658246, 0.9250773306393286
0, 3.1244772929232703, 0.05038702093722856, 0.925073811411266
0, 0.48427491320542293, 0.019367503998661145, 0.9877699596169353
0, 3.1244190732562522, 0.05033643215179042, 0.9250993411590992
0, 3.124307078110949, 0.050390749056287654, 0.9250972758619174
0, 3.124314012479768, 0.05033014658189465, 0.9251157485417131
0, 3.7823176399076788, 0.05556209451831827, 0.9102595596429895
0, 0.09176564094436386, 0.03796069416600347, 0.9568738161519614
0, 0.3383979990997457, 0.020524264744994306, 0.9890869066935987
0, 0.3386280789826319, 0.020603330885048385, 0.9890450221294842
0, 0.339746450791135, 0.02110128735833973, 0.9888242809908203
0, 0.09765995558834573, 0.04006652981179952, 0.9545779908471896
0, 0.3379727642531957, 0.020486359864338385, 0.9891470132045622
0, 0.33789974605089296, 0.020393577767671686, 0.9891698619747928
0, 0.3382877727505056, 0.02078742368287855, 0.9890650156999528
0, 0.33807361778548406, 0.020455771873490455, 0.9891381700082232
0, 0.08368690693067975, 0.03483004110906251, 0.9606219817962397
0, 0.3376617262697519, 0.020489186262716123, 0.9891849577800349
0, 0.3378959745584905, 0.020361226323555612, 0.9891745041466334
0, 0.33828683627547257, 0.020482500831058976, 0.989106702996205
0, 0.3381568057725218, 0.020554135347340782, 0.9891127416748824
0, 0.09170427964075424, 0.0379446272070626, 0.9568510646486036
0, 0.3381502138854372, 0.020472589614832108, 0.9891258776108188
0, 0.3378584528863784, 0.020483204981849263, 0.9891620223683268
0, 0.33799281594969793, 0.020431475241938793, 0.9891519763081161
0, 1.1196711445733372, 0.031665885127038364, 0.9727576768610499
0, 0.12547584260178438, 0.04478571726567017, 0.940977173703541
0, 0.00033937866381404127, 0.0034136765599673737, 0.9999151263110975
0, 0.0003624021536502816, 0.0035368002584959587, 0.999909213452479
0, 0.0002706732292648449, 0.002966233449133584, 0.9999324029973019
0, 0.1343410997587146, 0.04750623059990589, 0.9376408730931104
0, 0.000267468294678078, 0.0030139238081903683, 0.9999331318732749
0, 0.00021219532376372396, 0.0026904461939342822, 0.9999469396033029
0, 0.001462449847615337, 0.007173913961027494, 0.9996314353191911
0, 0.00022622179734876278, 0.0027736079566943552, 0.9999435726171514
0, 0.11475632557051477, 0.04125172505469546, 0.9457147084279156
0, 0.00041802074966064656, 0.0037614322912015593, 0.9998955932915372
0, 0.0002493001771178005, 0.002920193342790654, 0.9999375669537915
0, 0.0001373465627077206, 0.002171828633314497, 0.9999655795852715
0, 0.0003810325042846583, 0.0035718761202956965, 0.999905615891027
0, 0.12565996107300983, 0.04485898412687411, 0.9408374027575963
0, 0.00012566839823222587, 0.002075154157528738, 0.9999685462655006
0, 0.0005937123537231613, 0.0044679416798733725, 0.9998524564684631
0, 0.00018283834272808728, 0.00250159444948401, 0.9999542454397208
0, 0.3251187227338915, 0.018331736367361642, 0.9907183227894063
0, 0.09188440242964963, 0.037960422662783336, 0.9568181806384861
0, 0.3261379004225591, 0.019758754081150392, 0.9895326547990012
0, 0.326374963811052, 0.019851985904381517, 0.9894881349025384
0, 0.3271966829841091, 0.020133420656701248, 0.9893387518303696
0, 0.09850784082504696, 0.040331715941767064, 0.954349999542455
0, 0.32559402175204205, 0.01960149985388121, 0.9896254877063358
0, 0.32557318777001193, 0.019552218727403703, 0.989634833117884
0, 0.3265093126056653, 0.02044550694570408, 0.9893896978557785
0, 0.3257406381150678, 0.01961458416888669, 0.9896041853597447
0, 0.08370519744183912, 0.03478881579368241, 0.9605913240865841
0, 0.3253454818075922, 0.019652236329697283, 0.9896492309866903
0, 0.32562110652091847, 0.01956571266154442, 0.989626119990115
0, 0.3259210079916969, 0.019620013414477715, 0.9895797361686897
0, 0.3258210037701158, 0.019712810611126647, 0.9895797829474607
0, 0.09186381106213659, 0.03796154058689435, 0.9567849437156792
0, 0.325768378985952, 0.019591909244584114, 0.9896037534425698
0, 0.325678933360418, 0.019767654867155725, 0.9895910328831848
0, 0.32563963854531025, 0.01957074092830941, 0.9896232078527796
0, 1.0870957754798711, 0.030794738314628818, 0.9735686349672206
0, 0.09206002233429265, 0.03801031314369499, 0.9567620138232219
0, 0.3200720183737231, 0.019320421489535115, 0.989771927630611
0, 0.3202921961427644, 0.01940304585601163, 0.9897311974046158
0, 0.321129153436844, 0.019716428758248267, 0.9895756510785804
0, 0.09845495770304237, 0.04029543311537208, 0.9543463089539086
0, 0.3195877319027853, 0.01920539125793125, 0.9898510520265418
0, 0.31959762341100895, 0.019183509290736284, 0.989852448027415
0, 0.3203673356656849, 0.019942577529649196, 0.9896506379572189
0, 0.3197213894751452, 0.01920985233038983, 0.9898325197801673
0, 0.08383227923721047, 0.034823258033870666, 0.9605472867114149
0, 0.31930748916267826, 0.019223419282505896, 0.9898838749776914
0, 0.3195746567728039, 0.019134222073540208, 0.9898616007390995
0, 0.3198959931845165, 0.019213785843409326, 0.9898088490811322
0, 0.319796374574515, 0.0193047433047657, 0.9898096054584746
0, 0.09202584761979488, 0.03800617976805572, 0.9567318041278392
0, 0.31975245322307416, 0.019190495194845683, 0.989831069747955
0, 0.3196399841087929, 0.01934369098752285, 0.9898253409992652
0, 0.31962187826713934, 0.019165206066742685, 0.9898514249013517
0, 1.0685910768724802, 0.030297561656472016, 0.9740251852974328
0, 0.47881881393759207, 0.019344641980282545, 0.9878574233080814
0, 3.0955070334227397, 0.04996852401593218, 0.9257257329393054
0, 3.095714150130645, 0.05000368476313712, 0.9256836690680791
0, 3.0963915920702156, 0.05010706270639551, 0.9255531553718993
0, 0.48042826442529696, 0.020721044604859584, 0.9874288779533197
0, 3.0950656757560533, 0.04991740680968046, 0.9258046289155869
0, 3.09502231716272, 0.049888975131845516, 0.9258200457817656
0, 3.095774548290022, 0.05021977866892998, 0.9256088297325236
0, 3.095175402788344, 0.04991599916844791, 0.9257892156847213
0, 0.47961944937797174, 0.01966044507322206, 0.9876939869732552
0, 3.094849522134971, 0.04993480903642611, 0.9258273430593823
0, 3.0950660860433334, 0.049894802882798364, 0.9258112067026837
0, 3.0953191741899695, 0.049914138818563276, 0.925769493317249
0, 3.0952854413241724, 0.04996732228238769, 0.925755780194579
0, 0.4786058762665555, 0.019162358689017927, 0.9879123088971904
0, 3.095204734887476, 0.049908917724560437, 0.9257872357193228
0, 3.0951308957567036, 0.04997567346448418, 0.925775333065638
0, 3.0950946998820483, 0.04990070836406508, 0.9258050928791081
0, 3.749910590527677, 0.05511291923298543, 0.9110299086141335
0, 0.0918753546661482, 0.037959813392913995, 0.9568232396696194
0, 0.3269531698514546, 0.019715806542099472, 0.9895322900922979
0, 0.32716922861491093, 0.019790932315474574, 0.9894930816120564
0, 0.3280184560036673, 0.020099741652430357, 0.9893361820752183
0, 0.09834271144047825, 0.040275100119062025, 0.9543916509264524
0, 0.32646401209520426, 0.01960527566402283, 0.9896113631408545
0, 0.32643783231346385, 0.01955142791342897, 0.9896220550127106
0, 0.3272775051188281, 0.020362053313154247, 0.9894016109846092
0, 0.3265849805255389, 0.019596112785909135, 0.9895965495206556
0, 0.08370223591529902, 0.03479094081152357, 0.9605947050481023
0, 0.3261850510593329, 0.019629463288828083, 0.9896428005956519
0, 0.3264434609095982, 0.01952787294070461, 0.9896240345530812
0, 0.32674813847462264, 0.019586827303027132, 0.9895763850539808
0, 0.326664393094524, 0.019693413973254935, 0.9895724291274537
0, 0.09182403036179448, 0.0379489915859408, 0.9567973380640407
0, 0.3265898569835617, 0.01955335740151634, 0.9896019056760743
0, 0.3264760995560001, 0.01970763853665922, 0.9895954634555211
0, 0.32646378947641885, 0.01953432664060695, 0.98962073005744
0, 1.0850551979884713, 0.030671665437765304, 0.9736481313164366
0, 0.0918244753549574, 0.03794256820746425, 0.9568364520251731
0, 0.3275992158759754, 0.0198084424213514, 0.989491193590549
0, 0.32785855571736827, 0.019919826050480597, 0.989441133099159
0, 0.3287285025906407, 0.020239892530654606, 0.9892798341819696
0, 0.09826844937801882, 0.04025037007497248, 0.9544103365370565
0, 0.3270915771035308, 0.01968506408349459, 0.9895744577788252
0, 0.32711829552170246, 0.01967731329372351, 0.9895717926969467
0, 0.3278757452593371, 0.020409775419799187, 0.9893727462624637
0, 0.3272535510351791, 0.0197106334904047, 0.989549441098653
0, 0.08373457707377192, 0.034807751292455884, 0.9605881802160698
0, 0.32685733267245975, 0.019748469919481676, 0.9895944302956886
0, 0.32710001263928246, 0.01963237987629874, 0.9895799305577015
0, 0.327422177233734, 0.01970506996676235, 0.9895280968790141
0, 0.3273519905903146, 0.019823863725711148, 0.9895204735876731
0, 0.09181100074277407, 0.03794641228133112, 0.9568017024633675
0, 0.32726856225466494, 0.019676555044371158, 0.989552305168434
0, 0.3271412223864648, 0.0198200547034709, 0.9895489184481552
0, 0.3271189367444551, 0.01963755372879984, 0.9895770140564303
0, 1.0906224618627358, 0.030884854897122754, 0.9734833245840453
0, 0.09196435520847362, 0.03798133425572746, 0.9567920128322981
0, 0.32329874205266806, 0.019493486115458553, 0.9896656356981595
0, 0.3235101964886387, 0.019566910250331533, 0.9896273369752389
0, 0.3243455325786545, 0.019871964213324763, 0.989472971534904
0, 0.09848623506883493, 0.04031585710429576, 0.9543467614742291
0, 0.322821260424942, 0.01938840471233852, 0.9897425082750078
0, 0.3227817421032615, 0.01932235487733031, 0.9897565409750647
0, 0.3236662753144822, 0.020179768409128475, 0.9895248960463878
0, 0.3229306766604872, 0.019370215385763393, 0.9897303496773951
0, 0.08376526872500546, 0.034803569790867454, 0.9605701392552111
0, 0.3225080955582532, 0.019378904695670836, 0.9897833554894986
0, 0.3228029524707567, 0.019312686955077422, 0.9897545019014867
0, 0.3230934250468917, 0.01936227649723575, 0.9897099323017301
0, 0.32300739051335686, 0.019465964962336123, 0.9897069785338849
0, 0.09191676723239547, 0.03797188004393147, 0.956765096953679
0, 0.32294131424897143, 0.019332654034533804, 0.98973413123406
0, 0.3228463884760605, 0.019502023538011226, 0.9897235888712481
0, 0.32282131248088036, 0.019317627746652886, 0.9897516380740005
0, 1.0765347916484331, 0.030498383428160768, 0.9738345337799076
